<?xml version="1.0" encoding="UTF-8"?>
<project-private xmlns="http://www.netbeans.org/ns/project-private/1">
    <editor-bookmarks xmlns="http://www.netbeans.org/ns/editor-bookmarks/2" lastBookmarkId="1">
        <file>
            <url>src/Login.java</url>
            <bookmark id="1">
                <name/>
                <line>215</line>
                <key/>
            </bookmark>
        </file>
    </editor-bookmarks>
    <open-files xmlns="http://www.netbeans.org/ns/projectui-open-files/2">
        <group>
            <file>file:/Users/parham/Documents/BIHE/term%202/java%202/submit%20file%20/Labs/src/UNException.java</file>
            <file>file:/Users/parham/Documents/BIHE/term%202/java%202/submit%20file%20/Labs/src/MobileType.java</file>
            <file>file:/Users/parham/Documents/BIHE/term%202/java%202/submit%20file%20/Labs/src/App.java</file>
            <file>file:/Users/parham/Documents/BIHE/term%202/java%202/submit%20file%20/Labs/src/TestCode.java</file>
            <file>file:/Users/parham/Documents/BIHE/term%202/java%202/submit%20file%20/Labs/src/UserUi.java</file>
            <file>file:/Users/parham/Documents/BIHE/term%202/java%202/submit%20file%20/Labs/src/PersonalPlan.java</file>
            <file>file:/Users/parham/Documents/BIHE/term%202/java%202/submit%20file%20/Labs/src/MobileCompany.java</file>
            <file>file:/Users/parham/Documents/BIHE/term%202/java%202/submit%20file%20/Labs/src/MyDate.java</file>
            <file>file:/Users/parham/Documents/BIHE/term%202/java%202/submit%20file%20/Labs/src/AdminUI.java</file>
            <file>file:/Users/parham/Documents/BIHE/term%202/java%202/submit%20file%20/Labs/src/Address.java</file>
            <file>file:/Users/parham/Documents/BIHE/term%202/java%202/submit%20file%20/Labs/src/MobilePlan.java</file>
            <file>file:/Users/parham/Documents/BIHE/term%202/java%202/submit%20file%20/Labs/src/User.java</file>
            <file>file:/Users/parham/Documents/BIHE/term%202/java%202/submit%20file%20/Labs/src/BusinessPlan.java</file>
            <file>file:/Users/parham/Documents/BIHE/term%202/java%202/submit%20file%20/Labs/src/UiMethod.java</file>
            <file>file:/Users/parham/Documents/BIHE/term%202/java%202/submit%20file%20/Labs/src/MobilePhone.java</file>
            <file>file:/Users/parham/Documents/BIHE/term%202/java%202/submit%20file%20/Labs/src/Login.java</file>
            <file>file:/Users/parham/Documents/BIHE/term%202/java%202/submit%20file%20/Labs/src/UpdateUI.java</file>
        </group>
    </open-files>
</project-private>
